{
  "S1": {
    "a": 508.0,
    "e": 0.496,
    "t0": 2000.95,
    "inc": 2.10871,
    "Omega": 5.96222,
    "omega": 2.01236,
    "mag": 14.7,
    "type": "early-type"
  },
  "S2": {
    "a": 123.0,
    "e": 0.88,
    "t0": 2002.32,
    "inc": 2.36056,
    "Omega": 3.9338,
    "omega": 1.10933,
    "mag": 14.0,
    "type": "early-type"
  },
  "S4": {
    "a": 298.0,
    "e": 0.406,
    "t0": 1974.4,
    "inc": 1.35839,
    "Omega": 4.50487,
    "omega": 5.52222,
    "mag": 14.4,
    "type": "early-type"
  },
  "S5": {
    "a": 250.0,
    "e": 0.842,
    "t0": 1983.6,
    "inc": 2.50804,
    "Omega": 1.90241,
    "omega": 4.12421,
    "mag": 15.2,
    "type": "early-type"
  },
  "S6": {
    "a": 436.0,
    "e": 0.886,
    "t0": 2063.0,
    "inc": 1.50866,
    "Omega": 1.45665,
    "omega": 2.2602,
    "mag": 15.4,
    "type": "early-type"
  },
  "S8": {
    "a": 411.0,
    "e": 0.824,
    "t0": 1983.8,
    "inc": 1.29172,
    "Omega": 5.5135,
    "omega": 6.02488,
    "mag": 14.5,
    "type": "early-type"
  },
  "S9": {
    "a": 293.0,
    "e": 0.825,
    "t0": 1987.8,
    "inc": 1.41372,
    "Omega": 2.57576,
    "omega": 3.93048,
    "mag": 15.1,
    "type": "early-type"
  },
  "S12": {
    "a": 308.0,
    "e": 0.9,
    "t0": 1995.63,
    "inc": 0.551699,
    "Omega": 4.19577,
    "omega": 5.38958,
    "mag": 15.5,
    "type": "early-type"
  },
  "S13": {
    "a": 297.0,
    "e": 0.49,
    "t0": 2004.9,
    "inc": 0.445059,
    "Omega": 1.27584,
    "omega": 4.33191,
    "mag": 15.8,
    "type": "early-type"
  },
  "S14": {
    "a": 256.0,
    "e": 0.963,
    "t0": 2000.07,
    "inc": 1.73486,
    "Omega": 3.97481,
    "omega": 5.91667,
    "mag": 15.7,
    "type": "early-type"
  },
  "S17": {
    "a": 311.0,
    "e": 0.364,
    "t0": 1992.0,
    "inc": 1.6832,
    "Omega": 3.28227,
    "omega": 5.57545,
    "mag": 15.3,
    "type": "late-type"
  },
  "S18": {
    "a": 265.0,
    "e": 0.759,
    "t0": 1996.0,
    "inc": 2.02458,
    "Omega": 3.75595,
    "omega": 2.64766,
    "mag": 16.7,
    "type": "early-type"
  },
  "S19": {
    "a": 798.0,
    "e": 0.844,
    "t0": 2005.1,
    "inc": 1.28421,
    "Omega": 5.98473,
    "omega": 2.67559,
    "mag": 16.0,
    "type": "early-type"
  },
  "S21": {
    "a": 213.0,
    "e": 0.784,
    "t0": 2028.1,
    "inc": 0.95644,
    "Omega": 4.41045,
    "omega": 3.18697,
    "mag": 16.9,
    "type": "late-type"
  },
  "S24": {
    "a": 1060.0,
    "e": 0.933,
    "t0": 2024.9,
    "inc": 1.85528,
    "Omega": 0.0733038,
    "omega": 5.08763,
    "mag": 15.6,
    "type": "late-type"
  },
  "S27": {
    "a": 454.0,
    "e": 0.952,
    "t0": 2059.7,
    "inc": 1.62159,
    "Omega": 3.34929,
    "omega": 5.3791,
    "mag": 15.6,
    "type": "late-type"
  },
  "S29": {
    "a": 397.0,
    "e": 0.916,
    "t0": 2021.0,
    "inc": 2.1293,
    "Omega": 2.74366,
    "omega": 5.99172,
    "mag": 16.7,
    "type": "early-type"
  },
  "S31": {
    "a": 298.0,
    "e": 0.934,
    "t0": 2013.8,
    "inc": 2.68432,
    "Omega": 1.79769,
    "omega": 5.48033,
    "mag": 15.7,
    "type": "early-type"
  },
  "S33": {
    "a": 410.0,
    "e": 0.731,
    "t0": 1967.9,
    "inc": 0.748746,
    "Omega": 1.44688,
    "omega": 5.72643,
    "mag": 16.0,
    "type": "early-type"
  },
  "S38": {
    "a": 139.0,
    "e": 0.802,
    "t0": 2003.0,
    "inc": 2.89725,
    "Omega": 4.99164,
    "omega": 3.54302,
    "mag": 17.0,
    "type": "late-type"
  },
  "S66": {
    "a": 1210.0,
    "e": 0.178,
    "t0": 1782.0,
    "inc": 2.36318,
    "Omega": 1.68948,
    "omega": 1.85005,
    "mag": 14.8,
    "type": "early-type"
  },
  "S67": {
    "a": 1095.0,
    "e": 0.368,
    "t0": 1695.0,
    "inc": 2.44172,
    "Omega": 1.85005,
    "omega": 3.75595,
    "mag": 12.1,
    "type": "early-type"
  },
  "S71": {
    "a": 1061.0,
    "e": 0.844,
    "t0": 1646.0,
    "inc": 1.33169,
    "Omega": 0.603884,
    "omega": 5.78402,
    "mag": 16.1,
    "type": "early-type"
  },
  "S83": {
    "a": 2785.0,
    "e": 0.657,
    "t0": 2061.0,
    "inc": 2.16072,
    "Omega": 1.28456,
    "omega": 3.44179,
    "mag": 13.6,
    "type": "early-type"
  },
  "S87": {
    "a": 1260.0,
    "e": 0.423,
    "t0": 1647.0,
    "inc": 2.49058,
    "Omega": 1.91812,
    "omega": 0.724312,
    "mag": 13.6,
    "type": "early-type"
  },
  "S96": {
    "a": 1545.0,
    "e": 0.131,
    "t0": 1624.0,
    "inc": 2.21308,
    "Omega": 2.02074,
    "omega": 4.03171,
    "mag": 10.0,
    "type": "early-type"
  },
  "S97": {
    "a": 2186.0,
    "e": 0.302,
    "t0": 2175.0,
    "inc": 2.00015,
    "Omega": 1.88007,
    "omega": 0.663225,
    "mag": 10.3,
    "type": "early-type"
  }
}